{
  "系统": [
    {
      "type": "sysTop"
    },
    {
      "type": "tile",
      "name": "屏幕",
      "desc": "显示器、亮度、夜间模式、显示器配置文件",
      "icon": ""
    },
    {
      "type": "tile",
      "name": "声音",
      "desc": "音量、输出、输入、声音设备",
      "icon": ""
    },
    {
      "type": "tile",
      "name": "通知",
      "desc": "来自应用和系统的警报",
      "icon": ""
    },
    {
      "type": "tile",
      "name": "专注助手",
      "desc": "通知、自动规则",
      "icon": ""
    },
    {
      "type": "tile",
      "name": "电源和电池",
      "desc": "睡眠、电池使用情况、节电模式",
      "icon": ""
    },
    {
      "type": "tile",
      "name": "存储",
      "desc": "存储空间、驱动器、配置规则",
      "icon": ""
    },
    {
      "type": "tile",
      "name": "就近分享",
      "desc": "可发现性、收到文件的位置",
      "icon": ""
    },
    {
      "type": "tile",
      "name": "多任务处理",
      "desc": "贴靠窗口、桌面、任务切换",
      "icon": ""
    },
    {
      "type": "tile",
      "name": "激活",
      "desc": "激活状态、订阅、产品密钥",
      "icon": ""
    },
    {
      "type": "tile",
      "name": "疑难解答",
      "desc": "建议的疑难解答、首选项和历史记录",
      "icon": ""
    },
    {
      "type": "tile",
      "name": "恢复",
      "desc": "重置、高级启动、返回",
      "icon": ""
    },
    {
      "type": "tile",
      "name": "投影到此电脑",
      "desc": "权限、配对PIN、可发现性",
      "icon": ""
    },
    {
      "type": "tile",
      "name": "远程桌面",
      "desc": "远程桌面用户、连接权限",
      "icon": ""
    },
    {
      "type": "tile",
      "name": "剪切板",
      "desc": "剪切和复制历史记录、同步、清除",
      "icon": ""
    },
    {
      "type": "tile",
      "name": "系统信息",
      "desc": "系统规格、重命名电脑、Windows 规格",
      "icon": ""
    }
  ],
  "蓝牙和其他设备": [
    {
      "type": "tile square",
      "name": "添加设备",
      "icon": ""
    },
    {
      "type": "tile thin-blue",
      "name": "显示更多设备"
    },
    {
      "type": "tile",
      "name": "蓝牙",
      "desc": "蓝牙已关闭",
      "icon": ""
    },
    {
      "type": "spacer"
    },
    {
      "type": "tile",
      "name": "设备",
      "desc": "鼠标、键盘、触笔、音频、显示器和扩展坞、其他设备",
      "icon": ""
    },
    {
      "type": "tile",
      "name": "打印机和扫描仪",
      "desc": "首选项、疑难解答",
      "icon": ""
    },
    {
      "type": "tile",
      "name": "手机连接",
      "desc": "立即获取 Android 设备的照片、短信及其他",
      "icon": ""
    },
    {
      "type": "tile",
      "name": "摄像头",
      "desc": "连接的摄像头、默认图像设置",
      "icon": ""
    },
    {
      "type": "tile",
      "name": "鼠标",
      "desc": "按钮、鼠标指针速度、滚动",
      "icon": ""
    },
    {
      "type": "tile",
      "name": "触控板",
      "desc": "点击、手势、滚动、缩放",
      "icon": ""
    },
    {
      "type": "tile",
      "name": "笔和 Windows Ink",
      "desc": "右手或左手、笔按钮快捷方式、手写",
      "icon": ""
    },
    {
      "type": "tile",
      "name": "自动播放",
      "desc": "可移动驱动器和内存的默认设置",
      "icon": ""
    },
    {
      "type": "tile",
      "name": "USB",
      "desc": "通知、USB节电模式、移动设备首选项",
      "icon": ""
    }
  ],
  "网络和 Internet": [
    {
      "type": "netTop"
    },
    {
      "type": "tile",
      "name": "WiFi",
      "desc": "连接、管理已知网络、按流量计费的网络",
      "icon": ""
    },
    {
      "type": "tile",
      "name": "VPN",
      "desc": "添加、连接、管理",
      "icon": ""
    },
    {
      "type": "tile",
      "name": "移动热点",
      "desc": "共享 Internet 连接",
      "icon": ""
    },
    {
      "type": "tile",
      "name": "飞行模式",
      "desc": "停止所有无线通信",
      "icon": ""
    },
    {
      "type": "tile",
      "name": "代理",
      "desc": "用于 WiFi 和以太网连接的代理服务器",
      "icon": ""
    },
    {
      "type": "tile",
      "name": "拨号",
      "desc": "设置拨号 Internet 连接",
      "icon": ""
    },
    {
      "type": "tile",
      "name": "高级网络设置",
      "desc": "查看所有网络适配器、网络重置",
      "icon": ""
    }
  ],
  "个性化": [
    {
      "type": "personaliseTop"
    },
    {
      "type": "tile",
      "name": "背景",
      "desc": "背景图像、颜色、幻灯片",
      "icon": ""
    },
    {
      "type": "tile",
      "name": "颜色",
      "desc": "主题色、透明效果、颜色主题",
      "icon": ""
    },
    {
      "type": "tile",
      "name": "主题",
      "desc": "安装、创建、管理",
      "icon": ""
    },
    {
      "type": "tile",
      "name": "锁屏界面",
      "desc": "锁定屏幕图像、应用和动画",
      "icon": ""
    },
    {
      "type": "tile",
      "name": "触摸键盘",
      "desc": "主题、大小",
      "icon": ""
    },
    {
      "type": "tile",
      "name": "开始",
      "desc": "最近使用的应用和项目、文件夹",
      "icon": ""
    },
    {
      "type": "tile",
      "name": "任务栏",
      "desc": "任务栏行为，系统固定项",
      "icon": ""
    },
    {
      "type": "tile",
      "name": "字体",
      "desc": "安装、管理",
      "icon": ""
    },
    {
      "type": "tile",
      "name": "设备使用情况",
      "desc": "选择你计划使用设备的所有方法，以在 Microsoft 体验中获取个性化的提示、广告和建议。",
      "icon": ""
    }
  ],
  "应用": [
    {
      "type": "tile",
      "name": "应用和功能",
      "desc": "已安装的应用，应用执行别名",
      "icon": ""
    },
    {
      "type": "tile",
      "name": "默认应用",
      "desc": "根据文件和链接种类设置的默认应用，其他默认应用",
      "icon": ""
    },
    {
      "type": "tile",
      "name": "离线地图",
      "desc": "下载、存储位置、地图更新",
      "icon": ""
    },
    {
      "type": "tile",
      "name": "可选功能",
      "desc": "你的设备的额外功能",
      "icon": ""
    },
    {
      "type": "tile",
      "name": "可打开网站的应用",
      "desc": "可在应用而不是浏览器中打开的网站",
      "icon": ""
    },
    {
      "type": "tile",
      "name": "视频播放",
      "desc": "视频调整、HRD 流式处理、电池选项",
      "icon": ""
    },
    {
      "type": "tile",
      "name": "启动",
      "desc": "登录时自动启动的应用程序",
      "icon": ""
    }
  ],
  "账户": [
    {
      "type": "accountsTop"
    },
    {
      "type": "tile",
      "name": "你的 Microsoft 账户",
      "desc": "订阅、奖励等",
      "icon": ""
    },
    {
      "type": "tile",
      "name": "账户信息",
      "desc": "电子邮件、日历和联系人使用的账户",
      "icon": ""
    },
    {
      "type": "tile",
      "name": "登录选项",
      "desc": "Windows Hello、安全密钥、密码、动态锁",
      "icon": ""
    },
    {
      "type": "tile",
      "name": "电子邮件和账户",
      "desc": "电子邮件、日历和联系人使用的账户",
      "icon": ""
    },
    {
      "type": "tile",
      "name": "家庭和其他用户",
      "desc": "设备访问权限、工作或学校用户、展台分配的访问权限",
      "icon": ""
    },
    {
      "type": "tile",
      "name": "Windows 备份",
      "desc": "备份文件、应用和首选项、以便跨设备将其还原",
      "icon": ""
    },
    {
      "type": "tile",
      "name": "连接工作或学校账户",
      "desc": "电子邮件、应用和网络等组织资源",
      "icon": ""
    }
  ],
  "时间和语言": [
    {
      "type": "timeTop"
    },
    {
      "type": "tile",
      "name": "日期和时间",
      "desc": "时区、自动时钟设置、日历显示",
      "icon": ""
    },
    {
      "type": "tile",
      "name": "语言和区域",
      "desc": "根据你所在的区域设置 Windows 和某些应用的日期和时间格式",
      "icon": ""
    },
    {
      "type": "tile",
      "name": "输入",
      "desc": "触摸键盘、文本建议、首选项",
      "icon": ""
    },
    {
      "type": "tile",
      "name": "语音",
      "desc": "语音语言、语音识别麦克风设置、声音",
      "icon": ""
    },
    {
      "type": "langSwitcher"
    }
  ],
  "游戏": [
    {
      "type": "tile",
      "name": "Xbox Game Bar",
      "desc": "控制器和键盘快捷方式",
      "icon": ""
    },
    {
      "type": "tile",
      "name": "摄影",
      "desc": "保存位置，录制首选项",
      "icon": ""
    },
    {
      "type": "tile",
      "name": "游戏模式",
      "desc": "优化电脑以便畅玩",
      "icon": ""
    }
  ],
  "辅助功能": [
    {
      "type": "subHeading",
      "name": "视觉"
    },
    {
      "type": "tile",
      "name": "文本大小",
      "desc": "在整个 Windows 和应用中显示的文本大小",
      "icon": ""
    },
    {
      "type": "tile",
      "name": "视觉效果",
      "desc": "滚动条、透明度、动画、通知超时",
      "icon": ""
    },
    {
      "type": "tile",
      "name": "鼠标指针和触控",
      "desc": "鼠标指针颜色、大小",
      "icon": ""
    },
    {
      "type": "tile",
      "name": "文本光标",
      "desc": "外观和粗细、文本光标指示器",
      "icon": ""
    },
    {
      "type": "tile",
      "name": "颜色滤镜",
      "desc": "色盲滤镜、灰度、反转",
      "icon": ""
    },
    {
      "type": "tile",
      "name": "对比度主题",
      "desc": "弱视色彩主题、光敏度",
      "icon": ""
    },
    {
      "type": "tile",
      "name": "讲述人",
      "desc": "声音、详细信息、键盘、盲文",
      "icon": ""
    },
    {
      "type": "subHeading",
      "name": "听力"
    },
    {
      "type": "tile",
      "name": "音频",
      "desc": "单声道音频、音频通知",
      "icon": ""
    },
    {
      "type": "tile",
      "name": "字母",
      "desc": "样式、实时字幕",
      "icon": ""
    },
    {
      "type": "subHeading",
      "name": "聆听"
    },
    {
      "type": "tile",
      "name": "语音",
      "desc": "语音访问、语音输入、Windows 语音识别",
      "icon": ""
    },
    {
      "type": "tile",
      "name": "键盘",
      "desc": "粘滞键、筛选建和切换键，屏幕键盘",
      "icon": ""
    },
    {
      "type": "tile",
      "name": "鼠标",
      "desc": "鼠标键、速度、加速",
      "icon": ""
    },
    {
      "type": "tile",
      "name": "目视控制",
      "desc": "眼动追踪仪，文本到语音切换",
      "icon": ""
    }
  ],
  "隐私和安全性": [
    {
      "type": "subHeading",
      "name": "安全性"
    },
    {
      "type": "tile",
      "name": "Windows 安全中心",
      "desc": "适用于你的设备的防病毒、浏览器、防火墙和网络保护",
      "icon": ""
    },
    {
      "type": "tile",
      "name": "查找我的设备",
      "desc": "如果认为设备已丢失，请跟踪设备",
      "icon": ""
    },
    {
      "type": "tile",
      "name": "开发者选项",
      "desc": "这些设置仅供开发使用",
      "icon": ""
    },
    {
      "type": "subHeading",
      "name": "Windows 权限"
    },
    {
      "type": "tile",
      "name": "常规",
      "desc": "广告ID,本地内容.应用启动, 设置建议，生产力工具",
      "icon": ""
    },
    {
      "type": "tile",
      "name": "语音",
      "desc": "用于听写和其他基于语音的交互的在线语音识别",
      "icon": ""
    },
    {
      "type": "tile",
      "name": "墨迹书写和键入个性化",
      "desc": "个人词典，词典中的字词",
      "icon": ""
    },
    {
      "type": "tile",
      "name": "诊断和反馈",
      "desc": "诊断数据，虽迹书写和键入数据，定制体验，反馈频率",
      "icon": ""
    },
    {
      "type": "tile",
      "name": "活动历史记录",
      "desc": "从你的跨设备和账户的活动历史记录中获得更多搜索结果的选项",
      "icon": ""
    },
    {
      "type": "tile",
      "name": "搜索权限",
      "desc": "安全搜系、云内容搜索、搜索历史记录",
      "icon": ""
    },
    {
      "type": "tile",
      "name": "搜索 Windows",
      "desc": "可更快得到搜系结果的搜索索引。“查找我的文件”。从接索中排除的文件夹",
      "icon": ""
    },
    {
      "type": "subHeading",
      "name": "应用权限"
    },
    {
      "type": "tile",
      "name": "位置",
      "icon": ""
    },
    {
      "type": "tile",
      "name": "摄像头",
      "icon": ""
    },
    {
      "type": "tile",
      "name": "麦克风",
      "icon": ""
    },
    {
      "type": "tile",
      "name": "语音激活",
      "icon": ""
    },
    {
      "type": "tile",
      "name": "通知",
      "icon": ""
    },
    {
      "type": "tile",
      "name": "账户信息",
      "icon": ""
    },
    {
      "type": "tile",
      "name": "联系人",
      "icon": ""
    },
    {
      "type": "tile",
      "name": "日历",
      "icon": ""
    },
    {
      "type": "tile",
      "name": "电话呼叫",
      "icon": ""
    },
    {
      "type": "tile",
      "name": "通话记录",
      "icon": ""
    },
    {
      "type": "tile",
      "name": "电子邮件",
      "icon": ""
    },
    {
      "type": "tile",
      "name": "任务",
      "icon": ""
    },
    {
      "type": "tile",
      "name": "消息",
      "icon": ""
    },
    {
      "type": "tile",
      "name": "无线收发器",
      "icon": ""
    },
    {
      "type": "tile",
      "name": "其他设备",
      "icon": ""
    },
    {
      "type": "tile",
      "name": "应用诊断",
      "icon": ""
    },
    {
      "type": "tile",
      "name": "自动文件下载",
      "icon": ""
    },
    {
      "type": "tile",
      "name": "文档",
      "icon": ""
    },
    {
      "type": "tile",
      "name": "下载文件夹",
      "icon": ""
    },
    {
      "type": "tile",
      "name": "音乐库",
      "icon": ""
    },
    {
      "type": "tile",
      "name": "图片",
      "icon": ""
    },
    {
      "type": "tile",
      "name": "视频",
      "icon": ""
    },
    {
      "type": "tile",
      "name": "文件系统",
      "icon": ""
    },
    {
      "type": "tile",
      "name": "屏幕截图边框",
      "icon": ""
    },
    {
      "type": "tile",
      "name": "屏幕截图和应用",
      "icon": ""
    }
  ],
  "Windows 更新": [
    {
      "type": "updateTop"
    },
    {
      "type": "subHeading",
      "name": "更多选项"
    },
    {
      "type": "tile",
      "name": "暂停更新",
      "icon": ""
    },
    {
      "type": "tile",
      "name": "更新历史记录",
      "icon": ""
    },
    {
      "type": "tile",
      "name": "高级选项",
      "desc": "传递优化、可选更新、活跃时间以及其他更新设置",
      "icon": ""
    },
    {
      "type": "tile",
      "name": "Windows 预览体验计划",
      "desc": "获取 Windows 的预览版本，以分享有关新功能和更新的反馈",
      "icon": ""
    }
  ]
}
